Method,Avg Test Regret,Avg Processing Time (s),Total Processing Time (s),Steps Completed
2-Stage,0.8755374703500138,491.0683901309967,6874.957461833954,14
SPO+,1.0267583686404131,492.5451349530901,6895.631889343262,14
DBB,0.8794859014793734,493.6247775384358,6910.746885538101,14
