Method,Avg Test Regret,Avg Processing Time (s),Total Processing Time (s),Steps Completed
2-Stage,0.9105202445456708,490.91247994559154,6872.774719238281,14
SPO+,1.0611654090317342,492.488597035408,6894.840358495712,14
DBB,1.0500896580382935,493.5366892814636,6909.513649940491,14
